{"cameraMode":{"drawMode":0,"name":"Shaded","section":"Shading Mode"},"sceneLighting":false,"audioPlay":false,"sceneViewState":{"showFog":false,"showMaterialUpdate":false,"showSkybox":false,"showFlares":false,"showImageEffects":false,"showParticleSystems":false},"in2DMode":false,"pivot":{"x":-10.738510131835938,"y":1.0106592178344727,"z":-36.75379180908203},"rotation":{"x":0.11822614073753357,"y":0.8696311712265015,"z":-0.25223657488822939,"w":0.4076038599014282},"size":12.542576789855957,"orthographic":false}