{"cameraMode":{"drawMode":0,"name":"Shaded","section":"Shading Mode"},"sceneLighting":false,"audioPlay":false,"sceneViewState":{"showFog":false,"showMaterialUpdate":false,"showSkybox":false,"showFlares":false,"showImageEffects":false,"showParticleSystems":false},"in2DMode":false,"pivot":{"x":22.067493438720704,"y":9.564640045166016,"z":9.722940444946289},"rotation":{"x":-0.3211992084980011,"y":0.005681407637894154,"z":-0.0019295603269711137,"w":-0.9469926357269287},"size":121.65150451660156,"orthographic":true}