{"cameraMode":{"drawMode":0,"name":"Shaded","section":"Shading Mode"},"sceneLighting":false,"audioPlay":false,"sceneViewState":{"showFog":false,"showMaterialUpdate":false,"showSkybox":false,"showFlares":false,"showImageEffects":false,"showParticleSystems":false},"in2DMode":false,"pivot":{"x":0.9239131212234497,"y":3.958796739578247,"z":0.3039914667606354},"rotation":{"x":-0.07823853194713593,"y":0.9217544198036194,"z":-0.27035611867904665,"w":-0.2667490839958191},"size":11.949681282043457,"orthographic":false}