{"cameraMode":{"drawMode":0,"name":"Shaded","section":"Shading Mode"},"sceneLighting":false,"audioPlay":false,"sceneViewState":{"showFog":false,"showMaterialUpdate":false,"showSkybox":false,"showFlares":false,"showImageEffects":false,"showParticleSystems":false},"in2DMode":false,"pivot":{"x":-28.871328353881837,"y":34.885738372802737,"z":-46.43341064453125},"rotation":{"x":-0.23575814068317414,"y":0.346824586391449,"z":-0.09052135795354843,"w":-0.903292179107666},"size":7.757637977600098,"orthographic":false}