{"cameraMode":{"drawMode":0,"name":"Shaded","section":"Shading Mode"},"sceneLighting":false,"audioPlay":false,"sceneViewState":{"showFog":false,"showMaterialUpdate":false,"showSkybox":false,"showFlares":false,"showImageEffects":false,"showParticleSystems":false},"in2DMode":false,"pivot":{"x":2.588235378265381,"y":12.420303344726563,"z":-14.507147789001465},"rotation":{"x":0.45803186297416689,"y":-0.031726349145174029,"z":0.016361940652132036,"w":0.8882187604904175},"size":23.475309371948243,"orthographic":false}