{"cameraMode":{"drawMode":0,"name":"Shaded","section":"Shading Mode"},"sceneLighting":false,"audioPlay":false,"sceneViewState":{"showFog":false,"showMaterialUpdate":false,"showSkybox":false,"showFlares":false,"showImageEffects":false,"showParticleSystems":false},"in2DMode":false,"pivot":{"x":-0.017240524291992189,"y":4.8203125,"z":-4.505578994750977},"rotation":{"x":-0.4756251573562622,"y":0.025416703894734384,"z":-0.013731497339904309,"w":-0.8791736364364624},"size":57.88877487182617,"orthographic":true}