{"cameraMode":{"drawMode":0,"name":"Shaded","section":"Shading Mode"},"sceneLighting":false,"audioPlay":false,"sceneViewState":{"showFog":false,"showMaterialUpdate":false,"showSkybox":false,"showFlares":false,"showImageEffects":false,"showParticleSystems":false},"in2DMode":false,"pivot":{"x":-25.491840362548829,"y":5.669782638549805,"z":6.045522689819336},"rotation":{"x":-0.2084600329399109,"y":0.05190359428524971,"z":-0.011079972609877587,"w":-0.9765897989273071},"size":19.272663116455079,"orthographic":false}