{"cameraMode":{"drawMode":0,"name":"Shaded","section":"Shading Mode"},"sceneLighting":false,"audioPlay":false,"sceneViewState":{"showFog":false,"showMaterialUpdate":false,"showSkybox":false,"showFlares":false,"showImageEffects":false,"showParticleSystems":false},"in2DMode":false,"pivot":{"x":-5.975905418395996,"y":3.9353349208831789,"z":5.683928489685059},"rotation":{"x":-0.10795339196920395,"y":0.8666405081748962,"z":-0.21373945474624635,"w":-0.4377165138721466},"size":5.7338361740112309,"orthographic":false}