{"cameraMode":{"drawMode":0,"name":"Shaded","section":"Shading Mode"},"sceneLighting":true,"audioPlay":false,"sceneViewState":{"showFog":true,"showMaterialUpdate":false,"showSkybox":true,"showFlares":true,"showImageEffects":true,"showParticleSystems":true},"in2DMode":false,"pivot":{"x":3.5257909297943117,"y":4.27111291885376,"z":-6.320652961730957},"rotation":{"x":-0.12982919812202454,"y":0.012545090168714524,"z":-0.001694748760201037,"w":-0.9914555549621582},"size":9.89564323425293,"orthographic":false}