{"cameraMode":{"drawMode":0,"name":"Shaded","section":"Shading Mode"},"sceneLighting":false,"audioPlay":false,"sceneViewState":{"showFog":true,"showMaterialUpdate":false,"showSkybox":false,"showFlares":true,"showImageEffects":true,"showParticleSystems":true},"in2DMode":false,"pivot":{"x":-5.804418563842773,"y":3.7260537147521974,"z":5.704944610595703},"rotation":{"x":-0.3635174334049225,"y":0.07200906425714493,"z":-0.02815829962491989,"w":-0.9283732771873474},"size":5.133835792541504,"orthographic":false}