{"cameraMode":{"drawMode":0,"name":"Shaded","section":"Shading Mode"},"sceneLighting":false,"audioPlay":false,"sceneViewState":{"showFog":false,"showMaterialUpdate":false,"showSkybox":false,"showFlares":false,"showImageEffects":false,"showParticleSystems":false},"in2DMode":false,"pivot":{"x":-29.439605712890626,"y":34.152137756347659,"z":-46.324825286865237},"rotation":{"x":0.5053578019142151,"y":-0.006479403469711542,"z":0.003786268876865506,"w":0.862883448600769},"size":13.030900955200196,"orthographic":false}