{"cameraMode":{"drawMode":0,"name":"Shaded","section":"Shading Mode"},"sceneLighting":false,"audioPlay":false,"sceneViewState":{"showFog":false,"showMaterialUpdate":false,"showSkybox":false,"showFlares":false,"showImageEffects":false,"showParticleSystems":false},"in2DMode":false,"pivot":{"x":-1.1650230884552003,"y":-32.6037483215332,"z":-1.9012293815612794},"rotation":{"x":-0.7292381525039673,"y":-0.00286324555054307,"z":0.003056066343560815,"w":-0.6842582821846008},"size":79.33450317382813,"orthographic":false}