{"cameraMode":{"drawMode":0,"name":"Shaded","section":"Shading Mode"},"sceneLighting":false,"audioPlay":false,"sceneViewState":{"showFog":false,"showMaterialUpdate":false,"showSkybox":false,"showFlares":false,"showImageEffects":false,"showParticleSystems":false},"in2DMode":false,"pivot":{"x":5.933000087738037,"y":7.579999923706055,"z":-5.962500095367432},"rotation":{"x":0.01595677062869072,"y":-0.9838664531707764,"z":0.11834922432899475,"w":0.13363352417945863},"size":1.4289418458938599,"orthographic":false}