{"cameraMode":{"drawMode":0,"name":"Shaded","section":"Shading Mode"},"sceneLighting":true,"audioPlay":false,"sceneViewState":{"showFog":false,"showMaterialUpdate":false,"showSkybox":false,"showFlares":false,"showImageEffects":false,"showParticleSystems":false},"in2DMode":false,"pivot":{"x":-10.170576095581055,"y":-197.3245849609375,"z":120.90094757080078},"rotation":{"x":0.4934767186641693,"y":-0.024789325892925264,"z":0.014063805341720581,"w":0.8692983388900757},"size":264.7405090332031,"orthographic":false}