{"cameraMode":{"drawMode":0,"name":"Shaded","section":"Shading Mode"},"sceneLighting":false,"audioPlay":false,"sceneViewState":{"showFog":false,"showMaterialUpdate":false,"showSkybox":false,"showFlares":false,"showImageEffects":false,"showParticleSystems":false},"in2DMode":false,"pivot":{"x":5.672095775604248,"y":3.8956236839294435,"z":-6.401240825653076},"rotation":{"x":0.43924927711486819,"y":-0.013480649329721928,"z":0.006588660646229982,"w":0.8982555270195007},"size":9.87797737121582,"orthographic":false}