{"cameraMode":{"drawMode":0,"name":"Shaded","section":"Shading Mode"},"sceneLighting":true,"audioPlay":false,"sceneViewState":{"showFog":false,"showMaterialUpdate":false,"showSkybox":false,"showFlares":false,"showImageEffects":false,"showParticleSystems":false},"in2DMode":false,"pivot":{"x":-14.135656356811524,"y":-235.41815185546876,"z":24.921472549438478},"rotation":{"x":0.6773398518562317,"y":-0.014350482262670994,"z":0.01320777926594019,"w":0.7354199886322022},"size":302.5509033203125,"orthographic":false}