{"cameraMode":{"drawMode":0,"name":"Shaded","section":"Shading Mode"},"sceneLighting":false,"audioPlay":false,"sceneViewState":{"showFog":false,"showMaterialUpdate":false,"showSkybox":false,"showFlares":false,"showImageEffects":false,"showParticleSystems":false},"in2DMode":false,"pivot":{"x":-5.838837623596191,"y":3.9721076488494875,"z":5.769888877868652},"rotation":{"x":0.5053578019142151,"y":-0.006479403469711542,"z":0.003786268876865506,"w":0.862883448600769},"size":10.267670631408692,"orthographic":false}