{"cameraMode":{"drawMode":0,"name":"Shaded","section":"Shading Mode"},"sceneLighting":false,"audioPlay":false,"sceneViewState":{"showFog":false,"showMaterialUpdate":false,"showSkybox":false,"showFlares":false,"showImageEffects":false,"showParticleSystems":false},"in2DMode":false,"pivot":{"x":-7.519999980926514,"y":13.300000190734864,"z":-9.173047065734864},"rotation":{"x":0.6309536099433899,"y":0.006975172087550163,"z":-0.005680414382368326,"w":0.7757754325866699},"size":22.0,"orthographic":false}