{"cameraMode":{"drawMode":0,"name":"Shaded","section":"Shading Mode"},"sceneLighting":true,"audioPlay":false,"sceneViewState":{"showFog":false,"showMaterialUpdate":false,"showSkybox":false,"showFlares":false,"showImageEffects":false,"showParticleSystems":false},"in2DMode":false,"pivot":{"x":-2.590920925140381,"y":-218.03968811035157,"z":75.10951232910156},"rotation":{"x":0.568557620048523,"y":0.011097301729023457,"z":-0.007679179310798645,"w":0.8225401043891907},"size":295.2802734375,"orthographic":false}