{"cameraMode":{"drawMode":0,"name":"Shaded","section":"Shading Mode"},"sceneLighting":true,"audioPlay":false,"sceneViewState":{"showFog":false,"showMaterialUpdate":false,"showSkybox":false,"showFlares":false,"showImageEffects":false,"showParticleSystems":false},"in2DMode":false,"pivot":{"x":16.453781127929689,"y":-1.7202844619750977,"z":0.527712345123291},"rotation":{"x":0.26673877239227297,"y":0.10957431048154831,"z":-0.030538111925125123,"w":0.9570513963699341},"size":48.99275588989258,"orthographic":false}