{"cameraMode":{"drawMode":0,"name":"Shaded","section":"Shading Mode"},"sceneLighting":false,"audioPlay":false,"sceneViewState":{"showFog":false,"showMaterialUpdate":false,"showSkybox":false,"showFlares":false,"showImageEffects":false,"showParticleSystems":false},"in2DMode":false,"pivot":{"x":-12.051822662353516,"y":1.8545000553131104,"z":-35.18509292602539},"rotation":{"x":0.5053578019142151,"y":-0.006479403469711542,"z":0.003786268876865506,"w":0.862883448600769},"size":13.402530670166016,"orthographic":false}