{"cameraMode":{"drawMode":0,"name":"Shaded","section":"Shading Mode"},"sceneLighting":true,"audioPlay":false,"sceneViewState":{"showFog":false,"showMaterialUpdate":false,"showSkybox":false,"showFlares":false,"showImageEffects":false,"showParticleSystems":false},"in2DMode":false,"pivot":{"x":1026.21142578125,"y":635.1237182617188,"z":883.5123901367188},"rotation":{"x":0.0287995133548975,"y":0.02098504640161991,"z":-0.0006116636213846505,"w":0.9993700981140137},"size":2812.138916015625,"orthographic":false}