{"cameraMode":{"drawMode":0,"name":"Shaded","section":"Shading Mode"},"sceneLighting":false,"audioPlay":false,"sceneViewState":{"showFog":false,"showMaterialUpdate":false,"showSkybox":false,"showFlares":false,"showImageEffects":false,"showParticleSystems":false},"in2DMode":false,"pivot":{"x":-15.88525390625,"y":7.370001316070557,"z":-9.672119140625},"rotation":{"x":0.5496658682823181,"y":0.008771182037889958,"z":-0.005771692376583815,"w":0.8353193998336792},"size":7269.6025390625,"orthographic":false}