{"cameraMode":{"drawMode":0,"name":"Shaded","section":"Shading Mode"},"sceneLighting":false,"audioPlay":false,"sceneViewState":{"showFog":false,"showMaterialUpdate":false,"showSkybox":false,"showFlares":false,"showImageEffects":false,"showParticleSystems":false},"in2DMode":false,"pivot":{"x":-12.051822662353516,"y":2.229342460632324,"z":-35.59407043457031},"rotation":{"x":0.06481630355119705,"y":-0.9256100058555603,"z":0.18542449176311494,"w":0.323566198348999},"size":2.6226816177368166,"orthographic":false}