{"cameraMode":{"drawMode":0,"name":"Shaded","section":"Shading Mode"},"sceneLighting":true,"audioPlay":false,"sceneViewState":{"showFog":false,"showMaterialUpdate":false,"showSkybox":false,"showFlares":false,"showImageEffects":false,"showParticleSystems":false},"in2DMode":false,"pivot":{"x":14.232478141784668,"y":-3.771312713623047,"z":6.7515411376953129},"rotation":{"x":0.3153565227985382,"y":0.051207978278398517,"z":-0.01704307086765766,"w":0.9474558234214783},"size":67.66427612304688,"orthographic":false}