{"cameraMode":{"drawMode":0,"name":"Shaded","section":"Shading Mode"},"sceneLighting":true,"audioPlay":false,"sceneViewState":{"showFog":false,"showMaterialUpdate":false,"showSkybox":false,"showFlares":false,"showImageEffects":false,"showParticleSystems":false},"in2DMode":false,"pivot":{"x":39.54034423828125,"y":22.854997634887697,"z":-42.673465728759769},"rotation":{"x":0.006552835926413536,"y":0.7952510118484497,"z":-0.008596855215728283,"w":0.6061870455741882},"size":123.20580291748047,"orthographic":false}